{"cameraMode":{"drawMode":0,"name":"Shaded","section":"Shading Mode"},"sceneLighting":true,"audioPlay":false,"sceneViewState":{"showFog":true,"showMaterialUpdate":true,"showSkybox":true,"showFlares":true,"showImageEffects":true,"showParticleSystems":true},"in2DMode":false,"pivot":{"x":-36.82829284667969,"y":-29.399608612060548,"z":5.150000095367432},"rotation":{"x":-0.004133283160626888,"y":-0.02639467641711235,"z":-0.00011014656774932519,"w":0.9996438026428223},"size":11.645125389099121,"orthographic":false}