{"cameraMode":{"drawMode":0,"name":"Shaded","section":"Shading Mode"},"sceneLighting":true,"audioPlay":false,"sceneViewState":{"showFog":true,"showMaterialUpdate":true,"showSkybox":true,"showFlares":true,"showImageEffects":true,"showParticleSystems":true},"in2DMode":false,"pivot":{"x":-6.687366485595703,"y":20.27289390563965,"z":45.84330749511719},"rotation":{"x":0.07078883051872254,"y":-0.021841315552592279,"z":0.0015483965398743749,"w":0.9972534775733948},"size":51.322349548339847,"orthographic":false}