{"cameraMode":{"drawMode":0,"name":"Shaded","section":"Shading Mode"},"sceneLighting":true,"audioPlay":false,"sceneViewState":{"showFog":true,"showMaterialUpdate":true,"showSkybox":true,"showFlares":true,"showImageEffects":true,"showParticleSystems":true},"in2DMode":false,"pivot":{"x":4.8210601806640629,"y":4.5633440017700199,"z":0.6106736660003662},"rotation":{"x":0.5125205516815186,"y":0.042989522218704227,"z":-0.025710154324769975,"w":0.8572171330451965},"size":5.432779312133789,"orthographic":false}