{"cameraMode":{"drawMode":0,"name":"Shaded","section":"Shading Mode"},"sceneLighting":true,"audioPlay":false,"sceneViewState":{"showFog":true,"showMaterialUpdate":true,"showSkybox":true,"showFlares":true,"showImageEffects":true,"showParticleSystems":true},"in2DMode":false,"pivot":{"x":6.51124382019043,"y":-81.5506591796875,"z":-5.572717666625977},"rotation":{"x":0.7088520526885986,"y":0.00042517241672612727,"z":-0.0004323585599195212,"w":0.7053623795509338},"size":197.73757934570313,"orthographic":false}