{"cameraMode":{"drawMode":0,"name":"Shaded","section":"Shading Mode"},"sceneLighting":true,"audioPlay":false,"sceneViewState":{"showFog":true,"showMaterialUpdate":true,"showSkybox":true,"showFlares":true,"showImageEffects":true,"showParticleSystems":true},"in2DMode":false,"pivot":{"x":2.462268829345703,"y":-0.37851977348327639,"z":7.393834114074707},"rotation":{"x":0.013174891471862793,"y":0.04558587446808815,"z":0.000617693760432303,"w":-0.9988808035850525},"size":19.21186637878418,"orthographic":false}