{"cameraMode":{"drawMode":0,"name":"Shaded","section":"Shading Mode"},"sceneLighting":true,"audioPlay":false,"sceneViewState":{"showFog":true,"showMaterialUpdate":true,"showSkybox":true,"showFlares":true,"showImageEffects":true,"showParticleSystems":true},"in2DMode":false,"pivot":{"x":-2.837700605392456,"y":6.357593536376953,"z":-2.62469744682312},"rotation":{"x":0.4000789225101471,"y":0.560748279094696,"z":-0.3549506664276123,"w":0.6320834755897522},"size":8.859871864318848,"orthographic":false}