{"cameraMode":{"drawMode":0,"name":"Shaded","section":"Shading Mode"},"sceneLighting":true,"audioPlay":false,"sceneViewState":{"showFog":true,"showMaterialUpdate":true,"showSkybox":true,"showFlares":true,"showImageEffects":true,"showParticleSystems":true},"in2DMode":false,"pivot":{"x":6.494399070739746,"y":23.4259090423584,"z":2.261180877685547},"rotation":{"x":0.013863567262887955,"y":-0.011396330781280995,"z":0.0001559105730848387,"w":0.999841570854187},"size":5.5797624588012699,"orthographic":false}