{"cameraMode":{"drawMode":0,"name":"Shaded","section":"Shading Mode"},"sceneLighting":true,"audioPlay":false,"sceneViewState":{"showFog":true,"showMaterialUpdate":true,"showSkybox":true,"showFlares":true,"showImageEffects":true,"showParticleSystems":true},"in2DMode":false,"pivot":{"x":-2.4971132278442385,"y":-3.7129786014556886,"z":3.8784584999084474},"rotation":{"x":0.3307460844516754,"y":-0.6496122479438782,"z":0.3752843141555786,"w":0.5725160837173462},"size":18.42138671875,"orthographic":false}