{"cameraMode":{"drawMode":0,"name":"Shaded","section":"Shading Mode"},"sceneLighting":true,"audioPlay":false,"sceneViewState":{"showFog":true,"showMaterialUpdate":true,"showSkybox":true,"showFlares":true,"showImageEffects":true,"showParticleSystems":true},"in2DMode":false,"pivot":{"x":-1.474104881286621,"y":32.16018295288086,"z":-17.68865203857422},"rotation":{"x":0.5074108839035034,"y":0.4611723721027374,"z":-0.37512996792793276,"w":0.6238107681274414},"size":29.80181121826172,"orthographic":false}