{"cameraMode":{"drawMode":0,"name":"Shaded","section":"Shading Mode"},"sceneLighting":true,"audioPlay":false,"sceneViewState":{"showFog":true,"showMaterialUpdate":true,"showSkybox":true,"showFlares":true,"showImageEffects":true,"showParticleSystems":true},"in2DMode":false,"pivot":{"x":-4.680565357208252,"y":28.04484748840332,"z":4.953571796417236},"rotation":{"x":0.013854701071977616,"y":0.03808901831507683,"z":-0.0005291500128805637,"w":0.9991791844367981},"size":11.94969367980957,"orthographic":false}