{"cameraMode":{"drawMode":0,"name":"Shaded","section":"Shading Mode"},"sceneLighting":true,"audioPlay":false,"sceneViewState":{"showFog":true,"showMaterialUpdate":true,"showSkybox":true,"showFlares":true,"showImageEffects":true,"showParticleSystems":true},"in2DMode":false,"pivot":{"x":5.491483688354492,"y":-15.48849105834961,"z":-12.741179466247559},"rotation":{"x":0.3059330880641937,"y":-0.6133919954299927,"z":0.6725422739982605,"w":0.27901768684387209},"size":36.160919189453128,"orthographic":false}