{"cameraMode":{"drawMode":0,"name":"Shaded","section":"Shading Mode"},"sceneLighting":true,"audioPlay":false,"sceneViewState":{"showFog":true,"showMaterialUpdate":true,"showSkybox":true,"showFlares":true,"showImageEffects":true,"showParticleSystems":true},"in2DMode":false,"pivot":{"x":1.7148531675338746,"y":7.097082614898682,"z":0.9900709986686707},"rotation":{"x":0.2523190379142761,"y":0.2690635323524475,"z":-0.07328511029481888,"w":0.9265946745872498},"size":7.8123884201049809,"orthographic":false}