{"cameraMode":{"drawMode":0,"name":"Shaded","section":"Shading Mode"},"sceneLighting":true,"audioPlay":false,"sceneViewState":{"showFog":true,"showMaterialUpdate":true,"showSkybox":true,"showFlares":true,"showImageEffects":true,"showParticleSystems":true},"in2DMode":false,"pivot":{"x":6.714308738708496,"y":25.988327026367189,"z":0.057676076889038089},"rotation":{"x":0.021805543452501298,"y":0.5374335050582886,"z":-0.013905525207519532,"w":0.8429126143455505},"size":6.179762840270996,"orthographic":false}