{"cameraMode":{"drawMode":0,"name":"Shaded","section":"Shading Mode"},"sceneLighting":true,"audioPlay":false,"sceneViewState":{"showFog":true,"showMaterialUpdate":true,"showSkybox":true,"showFlares":true,"showImageEffects":true,"showParticleSystems":true},"in2DMode":false,"pivot":{"x":-44.27915573120117,"y":1.223109245300293,"z":-53.10528564453125},"rotation":{"x":0.06856611371040344,"y":0.7688184380531311,"z":-0.0836426392197609,"w":0.6302609443664551},"size":7.033625602722168,"orthographic":false}