{"cameraMode":{"drawMode":0,"name":"Shaded","section":"Shading Mode"},"sceneLighting":true,"audioPlay":false,"sceneViewState":{"showFog":true,"showMaterialUpdate":true,"showSkybox":true,"showFlares":true,"showImageEffects":true,"showParticleSystems":true},"in2DMode":false,"pivot":{"x":-12.359503746032715,"y":3.1294803619384767,"z":13.013912200927735},"rotation":{"x":0.07482286542654038,"y":-0.11134783178567887,"z":0.008407177403569222,"w":0.9909260272979736},"size":45.97853088378906,"orthographic":false}