{"cameraMode":{"drawMode":0,"name":"Shaded","section":"Shading Mode"},"sceneLighting":true,"audioPlay":false,"sceneViewState":{"showFog":true,"showMaterialUpdate":true,"showSkybox":true,"showFlares":true,"showImageEffects":true,"showParticleSystems":true},"in2DMode":false,"pivot":{"x":1.8938531875610352,"y":24.605173110961915,"z":2.1890392303466799},"rotation":{"x":0.013863567262887955,"y":-0.011396330781280995,"z":0.0001559105730848387,"w":0.999841570854187},"size":15.491293907165528,"orthographic":false}