{"cameraMode":{"drawMode":0,"name":"Shaded","section":"Shading Mode"},"sceneLighting":true,"audioPlay":false,"sceneViewState":{"showFog":true,"showMaterialUpdate":true,"showSkybox":true,"showFlares":true,"showImageEffects":true,"showParticleSystems":true},"in2DMode":false,"pivot":{"x":-1.2468082904815674,"y":23.681793212890626,"z":5.37636661529541},"rotation":{"x":0.06917572766542435,"y":0.0619131363928318,"z":-0.004303531721234322,"w":0.9956749677658081},"size":14.684422492980957,"orthographic":false}