{"cameraMode":{"drawMode":0,"name":"Shaded","section":"Shading Mode"},"sceneLighting":true,"audioPlay":false,"sceneViewState":{"showFog":true,"showMaterialUpdate":true,"showSkybox":true,"showFlares":true,"showImageEffects":true,"showParticleSystems":true},"in2DMode":false,"pivot":{"x":-0.27334022521972659,"y":3.831063747406006,"z":2.211127519607544},"rotation":{"x":0.22922740876674653,"y":-0.6767855286598206,"z":0.2355005145072937,"w":0.6587545275688171},"size":34.81979751586914,"orthographic":false}