{"cameraMode":{"drawMode":0,"name":"Shaded","section":"Shading Mode"},"sceneLighting":true,"audioPlay":false,"sceneViewState":{"showFog":true,"showMaterialUpdate":true,"showSkybox":true,"showFlares":true,"showImageEffects":true,"showParticleSystems":true},"in2DMode":false,"pivot":{"x":-17.3675594329834,"y":-29.194046020507814,"z":1.6677764654159547},"rotation":{"x":-0.355410635471344,"y":0.6035814881324768,"z":-0.34263622760772707,"w":-0.6260853409767151},"size":48.72871398925781,"orthographic":false}