{"cameraMode":{"drawMode":0,"name":"Shaded","section":"Shading Mode"},"sceneLighting":true,"audioPlay":false,"sceneViewState":{"showFog":true,"showMaterialUpdate":true,"showSkybox":true,"showFlares":true,"showImageEffects":true,"showParticleSystems":true},"in2DMode":false,"pivot":{"x":3.3870954513549806,"y":-4.363821506500244,"z":14.54006290435791},"rotation":{"x":0.1851777881383896,"y":0.024734629318118097,"z":-0.004671413451433182,"w":0.9823936223983765},"size":18.279890060424806,"orthographic":false}