{"cameraMode":{"drawMode":0,"name":"Shaded","section":"Shading Mode"},"sceneLighting":true,"audioPlay":false,"sceneViewState":{"showFog":true,"showMaterialUpdate":true,"showSkybox":true,"showFlares":true,"showImageEffects":true,"showParticleSystems":true},"in2DMode":false,"pivot":{"x":18.759105682373048,"y":-19.179582595825197,"z":37.397300720214847},"rotation":{"x":0.2801705598831177,"y":0.21146811544895173,"z":-0.06343565136194229,"w":0.934221625328064},"size":50.079219818115237,"orthographic":false}