{"cameraMode":{"drawMode":0,"name":"Shaded","section":"Shading Mode"},"sceneLighting":true,"audioPlay":false,"sceneViewState":{"showFog":true,"showMaterialUpdate":true,"showSkybox":true,"showFlares":true,"showImageEffects":true,"showParticleSystems":true},"in2DMode":false,"pivot":{"x":-5.4694437980651859,"y":23.638202667236329,"z":11.084378242492676},"rotation":{"x":0.07075107842683792,"y":-0.0063125151209533218,"z":0.00043208475108258426,"w":0.9974857568740845},"size":26.972166061401368,"orthographic":false}