{"cameraMode":{"drawMode":0,"name":"Shaded","section":"Shading Mode"},"sceneLighting":true,"audioPlay":false,"sceneViewState":{"showFog":true,"showMaterialUpdate":true,"showSkybox":true,"showFlares":true,"showImageEffects":true,"showParticleSystems":true},"in2DMode":false,"pivot":{"x":7.84140682220459,"y":25.371780395507814,"z":6.970396995544434},"rotation":{"x":0.013854701071977616,"y":0.03808901831507683,"z":-0.0005291500128805637,"w":0.9991791844367981},"size":13.43874740600586,"orthographic":false}