{"cameraMode":{"drawMode":0,"name":"Shaded","section":"Shading Mode"},"sceneLighting":true,"audioPlay":false,"sceneViewState":{"showFog":true,"showMaterialUpdate":true,"showSkybox":true,"showFlares":true,"showImageEffects":true,"showParticleSystems":true},"in2DMode":false,"pivot":{"x":7.733392715454102,"y":24.002172470092775,"z":5.272828578948975},"rotation":{"x":-0.011681419797241688,"y":0.037163667380809787,"z":0.0004258928820490837,"w":0.999251663684845},"size":3.449801445007324,"orthographic":false}