{"cameraMode":{"drawMode":0,"name":"Shaded","section":"Shading Mode"},"sceneLighting":true,"audioPlay":false,"sceneViewState":{"showFog":true,"showMaterialUpdate":true,"showSkybox":true,"showFlares":true,"showImageEffects":true,"showParticleSystems":true},"in2DMode":false,"pivot":{"x":-25.59153175354004,"y":-0.3866395354270935,"z":6.136147499084473},"rotation":{"x":0.030103661119937898,"y":-0.6436413526535034,"z":0.025349443778395654,"w":0.7643159627914429},"size":34.34417724609375,"orthographic":false}