{"cameraMode":{"drawMode":0,"name":"Shaded","section":"Shading Mode"},"sceneLighting":true,"audioPlay":false,"sceneViewState":{"showFog":true,"showMaterialUpdate":true,"showSkybox":true,"showFlares":true,"showImageEffects":true,"showParticleSystems":true},"in2DMode":false,"pivot":{"x":-256.6167297363281,"y":-79.33732604980469,"z":34.7920036315918},"rotation":{"x":-0.10806339979171753,"y":0.6529821157455444,"z":-0.09488818794488907,"w":-0.7436039447784424},"size":277.17578125,"orthographic":false}