{"cameraMode":{"drawMode":0,"name":"Shaded","section":"Shading Mode"},"sceneLighting":true,"audioPlay":false,"sceneViewState":{"showFog":true,"showMaterialUpdate":true,"showSkybox":true,"showFlares":true,"showImageEffects":true,"showParticleSystems":true},"in2DMode":false,"pivot":{"x":-6.652297496795654,"y":-0.03698135167360306,"z":4.410983562469482},"rotation":{"x":0.188555046916008,"y":-0.6719537973403931,"z":0.1829797774553299,"w":0.692420244216919},"size":1.1986392736434937,"orthographic":false}