{"cameraMode":{"drawMode":0,"name":"Shaded","section":"Shading Mode"},"sceneLighting":true,"audioPlay":false,"sceneViewState":{"showFog":true,"showMaterialUpdate":true,"showSkybox":true,"showFlares":true,"showImageEffects":true,"showParticleSystems":true},"in2DMode":false,"pivot":{"x":-0.1141425371170044,"y":25.377601623535158,"z":5.133944511413574},"rotation":{"x":0.41353774070739748,"y":-0.010377907194197178,"z":0.004712844733148813,"w":0.9104166626930237},"size":6.16967248916626,"orthographic":false}