{"cameraMode":{"drawMode":0,"name":"Shaded","section":"Shading Mode"},"sceneLighting":true,"audioPlay":false,"sceneViewState":{"showFog":true,"showMaterialUpdate":true,"showSkybox":true,"showFlares":true,"showImageEffects":true,"showParticleSystems":true},"in2DMode":false,"pivot":{"x":9.221992492675782,"y":-65.52703094482422,"z":21.818572998046876},"rotation":{"x":0.48702272772789,"y":0.022794397547841073,"z":-0.012720351107418538,"w":0.8730034232139587},"size":160.37413024902345,"orthographic":false}