{"cameraMode":{"drawMode":0,"name":"Shaded","section":"Shading Mode"},"sceneLighting":true,"audioPlay":false,"sceneViewState":{"showFog":true,"showMaterialUpdate":true,"showSkybox":true,"showFlares":true,"showImageEffects":true,"showParticleSystems":true},"in2DMode":false,"pivot":{"x":-0.06131146848201752,"y":1.691748857498169,"z":0.06779313087463379},"rotation":{"x":0.08566831797361374,"y":0.029560063034296037,"z":-0.0025499712210148575,"w":0.9958928823471069},"size":5.882800579071045,"orthographic":false}