{"cameraMode":{"drawMode":0,"name":"Shaded","section":"Shading Mode"},"sceneLighting":true,"audioPlay":false,"sceneViewState":{"showFog":true,"showMaterialUpdate":true,"showSkybox":true,"showFlares":true,"showImageEffects":true,"showParticleSystems":true},"in2DMode":false,"pivot":{"x":-5.9679999351501469,"y":3.4909987449645998,"z":5.489587306976318},"rotation":{"x":0.5592325329780579,"y":-0.042973823845386508,"z":0.029038511216640474,"w":0.8273916840553284},"size":8.18271255493164,"orthographic":false}