{"cameraMode":{"drawMode":0,"name":"Shaded","section":"Shading Mode"},"sceneLighting":true,"audioPlay":false,"sceneViewState":{"showFog":true,"showMaterialUpdate":true,"showSkybox":true,"showFlares":true,"showImageEffects":true,"showParticleSystems":true},"in2DMode":false,"pivot":{"x":-18.70340919494629,"y":-2.8505306243896486,"z":3.360172986984253},"rotation":{"x":0.07094908505678177,"y":-0.645469069480896,"z":0.06039918586611748,"w":0.7580958008766174},"size":20.806676864624025,"orthographic":false}